,Name,Classification,Released_games,Unreleased_games,Total_revenue,Avg_revenue_per_game,Med_revenue_per_game,%_developed_in_house,%_indie_releases,Action,Casual,Adventure,Simaulation,Strategy,RPG,MMO,Racing,Sports
0,8Floor ,Indie,282,0,8300000,29257,485,0.07,0.05,0,1,0.07,0.05,0.15,0,0.01,0,0
1,SEGA ,AAA,231,8,2100000000,9000000,1300000,0.32,0.05,0.45,0.07,0.17,0.14,0.27,0.13,0.01,0.05,0.13
2,Strategy First ,Indie,172,1,14800000,86059,10883,0.06,0.2,0.18,0.14,0.27,0.16,0.35,0.04,0,0.09,0.02
3,HH-Games ,Indie,160,5,581000,3631,1607,0.01,0.57,0.25,1,0.29,0.07,0.31,0.01,0,0,0.01
4,Ubisoft ,AAA,158,3,2500000000,15700000,1500000,0.12,0.04,0.58,0.08,0.34,0.12,0.16,0.14,0.02,0.11,0.06
5,Laush Studio ,Indie,156,1,1600000,10516,779,0.01,0.98,0.13,0.73,0.11,0.13,0.02,0,0.01,0.04,0.03
6,Plug in Digital ,Indie,153,5,11200000,73088,9450,0,0.72,0.39,0.3,0.37,0.13,0.18,0.08,0,0.08,0.11
7,Sekai Project ,Indie,150,3,40200000,268000,37308,0.01,0.65,0.15,0.75,0.39,0.16,0.06,0.13,0,0,0.01
8,Square Enix ,AAA,150,1,859500000,5700000,935000,0.55,0.03,0.45,0.05,0.25,0.05,0.11,0.56,0.03,0.01,0.01
9,THQ Nordic ,AA,149,9,336900000,2300000,329000,0.11,0.09,0.48,0.03,0.25,0.21,0.31,0.33,0,0.09,0.08
10,Choice of Games ,Indie,148,5,1400000,9633,2541,1,0.97,0.1,0.22,0.77,0,0,0.99,0,0,0
11,Electronic Arts ,AAA,140,9,2000000000,14300000,3100000,0.03,0.05,0.5,0.13,0.23,0.23,0.15,0.15,0.02,0.22,0.2
12,Ziggurat ,Indie,132,4,3100000,23667,1729,0,0.01,0.64,0.07,0.31,0.29,0.24,0.1,0,0.03,0.11
13,"KOEI TECMO GAMES CO., LTD. ",AAA,117,4,261600000,2200000,392000,0.99,0,0.26,0.02,0.1,0.2,0.33,0.31,0.02,0.03,0.04
14,Alawar Entertainment ,Indie,115,1,1400000,12287,3029,0.07,0.69,0,0.99,0.86,0.09,0.39,0,0,0,0
15,Devolver Digital ,AA,115,10,549000000,4800000,875000,0,0.88,0.71,0.14,0.48,0.1,0.11,0.12,0.02,0.02,0.04
16,Atomic Fabrik ,Indie,114,6,1300000,11819,359,0.79,0.98,0.29,0.83,0.77,0.96,0.33,0.01,0.02,0.41,0.54
17,Slitherine LTD. ,Indie,113,9,54200000,480000,152000,0.07,0.08,0,0.01,0.02,0.43,0.96,0.03,0,0.02,0.02
18,Fulqrum Publishing ,Indie,113,7,74400000,658000,69346,0.12,0.32,0.34,0.07,0.28,0.19,0.48,0.31,0,0.03,0
19,Cristian Manolachi ,Indie,112,1,1300000,11975,359,0.78,0.98,0.31,0.83,0.75,0.96,0.34,0.01,0.02,0.42,0.54
20,PLAYISM ,Indie,107,10,57200000,535000,118000,0,0.92,0.54,0.26,0.38,0.15,0.06,0.15,0,0.01,0.02
21,PlayWay S. A. ,Indie,107,134,145200000,1400000,329000,0.01,0.66,0.4,0.38,0.34,0.91,0.23,0.1,0.01,0.08,0.04
22,Kagura Games ,Indie,105,16,19100000,182000,82129,0,0.95,0.12,0.05,0.45,0.03,0.01,0.98,0,0,0
23,Komodo ,Indie,103,1,19600000,190000,45236,0,0.37,0.4,0.3,0.3,0.11,0.02,0.28,0,0,0.01
24,Sokpop Collective ,Indie,103,0,2500000,23955,1346,0.99,0.97,0.33,0.24,0.33,0.19,0.2,0.1,0.05,0.01,0.07
25,Tero Lunkka ,Indie,102,0,162000,1591,1047,0.83,0.99,0.4,0.52,0.52,0.14,0.06,0.02,0,0.18,0.03
26,Nightdive Studios ,Indie,102,2,11600000,113000,18605,0.13,0.02,0.24,0.39,0.64,0.18,0.08,0.09,0,0.01,0
27,Boogygames Studios ,Indie,99,2,44421,449,155,1,1,0.2,0.98,0.8,0.5,0.89,0.26,0,0.05,0.27
28,Bandai Namco Entertainment ,AAA,99,5,1800000000,18200000,4000000,0,0.05,0.71,0.13,0.21,0.1,0.06,0.27,0.01,0.06,0.04
29,Reforged Group ,Indie,96,0,50157,522,437,1,0.98,0.23,0.16,0.15,0.02,0,0,0,0.02,0
30,Microids ,Indie,95,6,45800000,482000,35348,0.16,0.14,0.36,0.26,0.57,0.12,0.09,0.02,0.01,0.11,0.05
31,Hosted Games ,Indie,93,4,684000,7357,2480,1,1,0.11,0.41,0.81,0.01,0.01,0.99,0,0,0
32,Piece Of Voxel ,Indie,92,4,306000,3321,2824,0.31,0.97,0.38,0.72,0.46,0.51,0.46,0.04,0.02,0.09,0.01
33,Activision ,AAA,91,1,1600000000,17400000,620000,0.04,0,0.66,0.02,0.29,0.09,0.08,0.05,0,0.01,0.04
34,Pixel Games UK ,Indie,91,3,637000,7004,96,0.04,0.02,0.72,0.02,0.17,0.16,0.13,0.05,0,0.05,0.19
35,Disney ,Indie,89,0,93100000,1000000,133000,0,0,0.66,0.04,0.57,0.08,0.06,0.01,0,0.09,0
36,SA Industry ,Indie,89,0,6300000,70724,4648,0,0.88,0.58,0.61,0.56,0.09,0.17,0.11,0.02,0.08,0.07
37,2K ,AAA,87,0,2200000000,25700000,1200000,0,0.03,0.37,0.06,0.13,0.21,0.38,0.18,0,0,0.26
38,tinybuild ,Indie,83,14,141100000,1700000,607000,0.08,0.97,0.67,0.25,0.64,0.33,0.26,0.21,0.03,0.05,0.02
39,Grabthegames ,Indie,82,12,3900000,48113,18216,0,0.89,0.26,0.31,0.64,0.24,0.22,0.19,0,0.01,0
40,Daedalic Entertainment ,Indie,82,6,167400000,2000000,810000,0.27,0.92,0.23,0.19,0.6,0.19,0.33,0.09,0.01,0.01,0
41,DigiPen Institute of Technology ,Indie,81,2,0,0,0,0.01,0.06,0.73,0.29,0.29,0.04,0.05,0.02,0,0.01,0
42,WhisperGames ,Indie,81,6,55000000,679000,140000,0,0.84,0.28,0.15,0.55,0.24,0.38,0.31,0,0.02,0
43,Artifex Mundi ,Indie,80,0,19200000,240000,144000,0.23,0.04,0.01,0.98,0.96,0,0,0,0,0,0.01
44,Paradox Interactive ,AA,79,5,1200000000,14800000,1400000,0,0.14,0.17,0.04,0.12,0.3,0.76,0.27,0,0.01,0.04
45,Nacon ,Indie,79,19,88700000,1100000,338000,0,0.04,0.23,0.14,0.26,0.39,0.2,0.13,0.02,0.24,0.48
46,hede ,Indie,79,1,658000,8327,4150,0.65,1,1,0.93,0.7,0.91,0.74,0.45,0.11,0.21,0.38
47,MangaGamer ,Indie,78,1,18500000,238000,68546,0.01,0.33,0.08,0.16,0.84,0.01,0.01,0.08,0,0,0
48,Dnovel ,Indie,78,0,233000,2984,2670,0.78,0.76,0.81,0.64,0.95,0,0.01,0.05,0.05,0,0
49,ESDigital Games ,Indie,78,1,4500000,58326,19178,0.01,0.29,0.23,0.58,0.3,0.38,0.48,0.1,0,0.05,0
50,Gamera Games ,Indie,76,13,70200000,924000,52213,0,0.91,0.33,0.28,0.4,0.3,0.28,0.26,0,0,0
51,Blender Games ,Indie,71,0,377000,5311,758,1,1,0.03,1,0.03,0,0,0,0,0,0
52,Headup Publishing ,Indie,70,2,22400000,320000,123000,0,0.82,0.56,0.25,0.47,0.19,0.22,0.29,0,0.04,0.03
53,EroticGamesClub ,Indie,67,1,15103,225,210,1,1,0,0.99,0,0.1,0,0,0,0,0
54,RewindApp ,Indie,67,1,1000000,15293,1449,0.94,1,0.34,0.9,0.12,0.29,0.26,0,0.01,0.18,0.03
55,Individual Software ,Indie,67,2,105000,1574,744,0.86,0,0,0.06,0,0,0,0,0,0,0
56,My Way Games ,Indie,67,0,553000,8255,1848,0.01,0.81,0.49,0.69,0.58,0.22,0.04,0.04,0,0.19,0.21
57,Forever Entertainment S. A. ,Indie,67,5,9700000,145000,50546,0.25,0.85,0.67,0.68,0.49,0.21,0.14,0.11,0,0.03,0.03
58,Garage Games ,Indie,66,0,657000,9955,699,0.29,0.91,0.36,0.82,0.26,0.09,0.02,0,0,0.03,0
59,Bethesda Softworks ,AAA,65,3,1900000000,29800000,11800000,0.06,0,0.66,0.01,0.09,0.01,0.01,0.32,0.04,0,0
60,United Independent Entertainment ,Indie,63,0,5600000,88994,12411,0.44,0.14,0.24,0.35,0.16,0.7,0.11,0.08,0.03,0.02,0.08
61,Ripknot Systems ,Indie,62,0,896000,14449,6525,1,0.63,0.52,1,0,0.5,0.55,0.02,0,0,0
62,MAGIX Software GmbH ,Indie,61,0,19500000,320000,53397,0.98,0,0,0,0,0,0,0,0,0,0
63,Trinity Project ,Indie,61,0,1400000,23729,3916,0.05,0.85,0.67,0.61,0.43,0.25,0.26,0.03,0.05,0.02,0.05
64,Focus Entertainment ,Indie,60,8,356000000,5900000,1900000,0.03,0.24,0.5,0.06,0.46,0.16,0.18,0.37,0.03,0,0.03
65,DIG Publishing ,Indie,60,1,19683,328,282,0.43,1,0,1,0,0,0,0,0,0,0
66,kazakovstudios ,Indie,59,0,195000,3303,1772,0.12,0.9,0.2,0.44,0.42,0.24,0,0.05,0,0.02,0.07
67,William at Oxford ,Indie,57,4,105000,1842,594,1,0.03,0.21,0.97,0.13,0.16,0.02,0.1,0,0.02,0.05
68,Back to Basics Gaming ,Indie,57,0,5700000,99993,23355,0.07,0.98,0.44,0.56,0.25,0.11,0.07,0.21,0,0.05,0
69,PsychoFlux Entertainment ,Indie,56,7,475000,8487,2214,0,1,0.54,0.51,0.41,0.03,0.08,0.16,0,0,0.02
70,KEMCO ,Indie,56,0,1500000,27192,2712,0.05,0.39,0.07,0.52,0.96,0.52,0.68,0.91,0,0,0.02
71,Cyber Keks ,Indie,56,3,72206,1289,524,0.98,0.98,0.12,0.98,0.15,0.17,0,0.15,0,0,0.29
72,PQube ,Indie,55,5,11700000,214000,50652,0.02,0.58,0.5,0.15,0.6,0.15,0.23,0.28,0,0.12,0.02
73,Funbox Media Ltd ,Indie,55,6,4000000,72583,3612,0,0.34,0.36,0.31,0.1,0.21,0.15,0.02,0,0.08,0.2
74,Cherry Kiss Games ,Indie,55,1,880000,15999,8975,0.02,0,0,1,0.02,0,0,0,0,0,0
75,Aldorlea Games ,Indie,55,0,1400000,25892,5823,0.33,0.87,0.09,0.67,0.73,0.15,0.38,1,0,0,0
76,Meridian4 ,Indie,54,5,5300000,99061,9341,0.08,0.97,0.66,0.41,0.59,0.1,0.19,0.22,0,0.05,0
77,IR Studio ,Indie,54,6,304000,5624,2210,0.9,1,0.02,0.98,0,0,0,0,0,0,0
78,Iceberg Interactive ,Indie,54,9,23700000,438000,168000,0,0.83,0.33,0.17,0.46,0.29,0.41,0.11,0,0.02,0.03
80,Ghost_RUS Games ,Indie,53,0,306000,5767,1171,0,1,0.34,0.75,0.6,0.25,0.02,0.02,0.04,0.04,0.02
81,ImperiumGame ,Indie,52,0,40265,774,478,0.98,0.92,0.25,0.17,0.17,0.04,0.06,0.02,0,0.06,0
82,Kalypso Media Digital ,AA,52,0,118300000,2300000,399000,0,0.12,0.29,0.06,0.08,0.38,0.65,0.27,0,0.02,0.02
83,Deep Silver ,AA,52,0,414300000,8000000,1300000,0,0.04,0.58,0.04,0.17,0.1,0.12,0.04,0,0.02,0
84,505 GAMES ,AA,51,8,316700000,6200000,1100000,0.02,0.42,0.66,0.08,0.59,0.27,0.25,0.34,0,0.03,0.12
85,HandyGames ,Indie,51,4,16200000,317000,68653,0.22,0.58,0.47,0.24,0.42,0.27,0.27,0.05,0,0.05,0.04
86,Droid Riot ,Indie,51,0,186000,3643,1551,0.04,0.9,0.63,0.39,0.55,0.2,0.08,0.02,0,0.06,0.02
87,Atari ,Indie,51,0,10400000,203000,9262,0.04,0.02,0.53,0.12,0.22,0.35,0.29,0.1,0.02,0.04,0.04
88,"NIS America, Inc. ",Indie,50,7,27500000,550000,221000,0,0.04,0.32,0,0.3,0.02,0.26,0.65,0,0,0
89,Xbox Game Studios ,AAA,50,2,1500000000,29100000,9100000,0,0.08,0.56,0.1,0.38,0.21,0.23,0.13,0,0.06,0.02
90,"Marvelous USA, Inc. ",Indie,50,3,67500000,1300000,422000,0,0.08,0.53,0.13,0.17,0.15,0.04,0.53,0,0.02,0
91,Sometimes You ,Indie,49,0,7900000,162000,35322,0.12,0.98,0.27,0.59,0.49,0.08,0.04,0.16,0,0,0
92,H-GAME ,Indie,49,8,87513,1786,0,0.09,0,0.18,0,0.02,0.07,0,0.77,0,0,0.04
93,Warner Bros. Interactive Entertainment ,AAA,49,1,752400000,15400000,8900000,0,0,0.86,0.06,0.54,0,0.08,0.04,0.02,0.02,0
94,Volens Nolens Games ,Indie,49,0,2000000,41437,5267,0.45,0.94,0.65,0.49,0.55,0.02,0.14,0.18,0,0.02,0.02
95,玫瑰工作室 ,Indie,48,0,44317,923,403,0.98,0.88,0.1,0.92,0.85,0.13,0.15,0.25,0,0,0
96,Kotovodk Studio ,Indie,48,0,48221,1005,765,1,1,0,1,0,0,0,0,0,0,0
97,Feral Interactive (Mac) ,AA,47,0,1600000000,33300000,13900000,1,0,0.51,0,0.3,0.17,0.43,0.06,0,0.17,0.15
98,Enoops ,Indie,47,0,174000,3697,1985,0.74,0.98,0.47,0.77,0.81,0.04,0,0.49,0,0.04,0
99,Assemble Entertainment ,Indie,46,9,11600000,252000,55492,0.18,0.6,0.31,0.15,0.64,0.25,0.31,0.15,0,0.05,0.02
100,Retroism ,Indie,46,0,1200000,25095,13802,0,0.02,0.26,0.11,0.24,0.57,0.3,0.04,0,0.02,0.02
101,khukhrovr ,Indie,46,0,173000,3769,1964,0.04,0.85,0.17,0.24,0.33,0.26,0.02,0.04,0,0.04,0.07
102,Winged Cloud ,Indie,46,1,10600000,231000,33104,0.94,0.28,0,0.3,0.13,0.72,0,0.04,0,0,0.02
103,familyplay ,Indie,46,0,481000,10449,4537,0.11,0.04,0.04,0.96,0.04,0.35,0.09,0.02,0,0.02,0.2
104,LTZinc ,Indie,45,4,36351,808,538,1,1,0.61,0.98,1,1,0.14,0.18,0.18,0.08,0.18
105,Kiss ltd ,Indie,45,0,12000000,267000,156000,0,0.64,0.42,0.31,0.2,0.33,0.22,0.11,0.04,0.02,0.18
106,Viva Media ,Indie,45,0,3100000,68453,56868,0,0.02,0.09,0.6,0.42,0.18,0.24,0.02,0,0,0.13
107,Snkl Studio ,Indie,44,1,253000,5752,827,1,1,0.04,1,0.24,0.18,0.18,0.16,0,0.02,0.02
108,HexWar Games ,Indie,44,1,878000,19946,5872,0.89,0,0,0.02,0,0,1,0,0,0,0
109,MumboJumbo ,Indie,44,1,2500000,56126,41098,0.71,0.07,0.07,0.98,0.38,0.04,0.16,0,0,0,0.02
110,Lucasfilm ,Indie,43,0,98600000,2300000,307000,0.02,0,0.58,0.02,0.4,0.12,0.09,0.05,0,0.02,0
111,Bleem ,Indie,43,0,377000,8767,1447,0.05,0.07,0.86,0.02,0.67,0.02,0.19,0.14,0,0.05,0.05
112,Cute Hannah's Games ,Indie,43,1,8262,192,114,0.98,0.98,0.02,1,0,0,0,0,0,0,0
113,Anamik Majumdar ,Indie,42,2,15648,373,149,1,1,0.48,0.86,0.7,0,0,0,0,0,0
114,WASABI entertainment ,Indie,42,1,472000,11229,4392,0,0.44,0.02,0.02,0.14,0,0.02,0.88,0,0,0
115,None :( ,Indie,42,20,7100000,168000,1620,0.18,0.71,0.55,0.32,0.37,0.19,0.27,0.26,0.11,0.05,0.05
116,kovalevviktor ,Indie,41,0,131000,3193,2400,0.05,0.9,0.12,0.24,0.51,0.15,0,0,0,0.02,0.05
117,Capcom Co. Ltd ,AAA,41,6,897500000,21900000,5200000,0.98,0,0.89,0,0.3,0,0,0.11,0,0,0
118,Dharker Studios Ltd ,Indie,41,4,4000000,98424,10880,0.02,1,0.04,0.96,0.64,0.09,0.04,0.16,0,0,0
120,Piko Interactive LLC ,Indie,41,0,379000,9254,1447,0.02,0.02,0.93,0.02,0.71,0,0.12,0.12,0,0.02,0.05
121,Stegalosaurus Game Development ,Indie,40,3,531000,13266,216,1,1,0.05,0.58,0.81,0.09,0.16,0.26,0,0,0.02
122,Valve ,AAA,40,2,2300000000,58500000,31300000,0.88,0.05,0.74,0.07,0.1,0.05,0.1,0,0,0,0
123,EpiXR Games UG ,Indie,40,9,222000,5548,5106,1,1,0.53,0.94,0.35,0.86,0,0,0,0.08,0.06
124,New Reality Games ,Indie,40,0,24400000,609000,60313,0.13,0.85,0.43,0.25,0.38,0.15,0.28,0.4,0.03,0.03,0
125,Sweet Games ,Indie,40,0,72752,1819,531,1,1,0.98,0.95,1,1,0,0.93,0.03,0.05,0.05
126,HandMade Games ,Indie,40,1,285000,7128,757,0.07,0.93,0.32,0.83,0.37,0.24,0.37,0.1,0.07,0.05,0.05
127,Shiravune ,Indie,40,3,7300000,182000,36927,0.02,0.02,0.02,0.07,0.93,0.21,0.23,0.19,0,0,0
128,EnsenaSoft ,Indie,40,0,438000,10954,9753,1,0.25,0.23,0.93,0.15,0.1,0.15,0,0,0.03,0.03
129,Milestone S.r.l. ,Indie,40,0,42000000,1000000,727000,0.95,0.05,0.05,0,0.03,0.85,0,0.03,0,0.95,0.95
130,"Kairosoft Co.,Ltd ",Indie,39,10,745000,19103,10876,1,1,0,1,0.02,1,1,0.12,0,0.06,0.18
131,Rebellion ,AA,39,0,262100000,6700000,402000,0.51,0.05,0.69,0.03,0.26,0.05,0.36,0.05,0,0,0.05
132,Gamehouse ,Indie,39,0,1500000,38228,27657,0.79,0.41,0.03,1,0.9,0.38,0.41,0.03,0,0,0.03
133,Zoo Corporation ,Indie,39,0,1300000,32271,3177,0.79,0.15,0.28,0.79,0.03,0.15,0.05,0.03,0,0.03,0.03
134,ARC SYSTEM WORKS ,Indie,39,0,78700000,2000000,127000,0.64,0.05,0.79,0.05,0.18,0.08,0.03,0.08,0,0.03,0
135,LucasArts ,AA,38,0,98700000,2600000,407000,0.45,0,0.63,0.03,0.37,0.16,0.11,0.05,0,0.03,0
136,Curve Games ,Indie,38,4,191700000,5000000,463000,0,0.81,0.48,0.17,0.4,0.31,0.26,0.1,0,0.05,0.12
137,Aerosoft GmbH ,Indie,38,6,36100000,949000,347000,0,0.41,0.14,0.8,0.05,0.98,0.18,0,0,0.05,0.02
138,"Spike Chunsoft Co., Ltd. ",Indie,38,0,80000000,2100000,705000,0.47,0,0.21,0.03,0.68,0.03,0.05,0.18,0,0,0.03
141,Archor Games ,Indie,37,0,8323,225,99,0,0.27,0.43,0.16,0.24,0.14,0,0.11,0.03,0.05,0
142,Bitlock Studio ,Indie,37,0,367000,9921,1173,0.03,0.89,0.59,0.46,0.3,0.14,0.03,0.03,0,0,0
143,NedoStudio ,Indie,37,0,38992,1054,2045,0.84,0.95,0.3,0.54,0.3,0.11,0.14,0.11,0.03,0.05,0.03
144,Luci Entertainment ,Indie,37,0,42071,1137,900,1,1,0.22,0.95,0.05,0,0.03,0,0,0.03,0
145,Kedexa ,Indie,37,0,61454,1661,1544,0.92,0.59,0.32,0.73,0.35,0.22,0.16,0.05,0.08,0.08,0.05
146,QuickBobber ,Indie,37,0,1356,37,0,1,1,0.32,0.97,0.49,0.19,0.11,0,0,0.08,0.08
147,NanningsGames ,Indie,37,1,12932,350,309,0.34,0.42,0.34,0.76,0.08,0,0.08,0,0,0.11,0
148,橙光游戏 ,Indie,36,1,281000,7817,2205,1,0.97,0.03,0.97,0.95,0.32,0.89,0.97,0,0,0
149,For Kids ,Indie,36,1,69219,1923,1691,1,1,0.05,1,0.05,0,0,0.03,0,0.14,0
150,Maple Whispering Limited ,Indie,36,3,19300000,537000,180000,0,0.82,0.36,0.23,0.41,0.21,0.46,0.49,0,0,0
151,Codemasters ,AA,36,0,311700000,8700000,873000,0.39,0,0.22,0.06,0.08,0.42,0.06,0.11,0,0.69,0.58
152,Gales Corp. ,Indie,36,0,102000,2842,1963,0,0.94,0.08,0.33,0.33,0.17,0.03,0.03,0,0.03,0.03
153,Outright Games LTD. ,Indie,36,0,2400000,68015,17520,0,0,0.53,0.11,0.61,0.03,0.03,0.06,0,0.17,0.06
154,Capcom ,AAA,36,0,359700000,10000000,4900000,0.53,0,0.92,0.08,0.56,0,0.06,0.06,0,0,0
155,Humongous Entertainment ,Indie,35,0,1400000,38939,25996,1,0,0,1,0.74,0,0,0,0,0,0
156,Ratalaika Games S.L. ,Indie,35,12,287000,8202,1726,0.21,1,0.72,0.57,0.51,0.02,0.06,0.09,0,0.04,0
157,HIKARI FIELD ,Indie,35,3,32600000,932000,386000,0.05,0,0,0.74,0.95,0.05,0,0,0,0,0.03
158,Ultimate Games S.A. ,Indie,35,22,5900000,168000,38422,0.04,0.82,0.49,0.46,0.58,0.53,0.11,0.11,0.02,0.04,0.07
161,ANPA.US ,Indie,35,1,1000000,28769,1780,0.03,1,0.53,0.28,0.08,0.42,0.03,0,0,0,0.06
163,SakuraGame ,Indie,35,6,4400000,126000,58217,0,0.93,0.17,0.37,0.88,0.12,0.07,0.66,0.02,0,0
164,Team17 ,Indie,34,5,208000000,6100000,692000,0.1,0.82,0.59,0.23,0.51,0.36,0.36,0.31,0.03,0,0.03
165,owlyboi ,Indie,34,1,61617,1812,1138,1,0,0,0.03,0.97,0,0,0,0,0,0.03
166,OTAKU Plan ,Indie,34,16,2800000,82778,42404,0,0.34,0.04,0.12,0.94,0.02,0.14,0.98,0,0,0
167,Humble Games ,Indie,34,7,125800000,3700000,565000,0,0.85,0.54,0.15,0.66,0.17,0.29,0.37,0.02,0,0.02
168,Winter Wolves ,Indie,34,2,3400000,101000,32325,1,0.81,0,0.39,0.64,0.33,0.11,0.22,0,0,0.06
169,"PopCap Games, Inc. ",Indie,34,1,29200000,860000,35255,0.74,0,0.03,0.97,0,0,0.11,0,0,0,0
170,Casual Arts ,Indie,34,0,9903,291,246,1,0.76,0,0.97,0.82,0,0,0,0,0,0
171,SOFTSTAR Entertainment ,Indie,33,1,9900000,299000,45405,0.65,0.03,0.03,0.44,0.09,0.18,0.12,0.59,0,0,0
172,Bohemia Interactive ,AAA,33,0,625400000,19000000,328000,0.73,0.21,0.48,0.12,0.24,0.36,0.42,0,0.03,0,0
173,HeR Interactive ,Indie,33,0,1700000,51754,33087,0.94,0,0.03,0.03,0.94,0,0,0,0,0,0
174,Louie Inc ,Indie,33,0,116000,3516,2888,0.52,0.88,0.21,0.79,0.48,0.09,0,0.09,0,0.12,0.03
175,Fruitbat Factory ,Indie,32,1,7500000,234000,39168,0,0.73,0.36,0.33,0.67,0,0.12,0.12,0,0,0
176,magnussoft ,Indie,32,0,19410,607,240,1,0,0.22,0.84,0,0.19,0.31,0,0,0.16,0.09
177,Anatoliy Loginovskikh ,Indie,32,3,159000,4982,4547,1,1,0.06,0.97,0.91,0.06,0.03,0,0,0,0
178,W. T. B. ,Indie,32,1,44396,1387,706,0,1,0.18,0.82,0.21,0.21,0.06,0.09,0,0.03,0.06
180,Digital Tribe ,Indie,31,1,5100000,165000,55794,0,0.88,0.53,0.09,0.31,0.06,0.16,0.22,0,0.03,0.03
181,VR RETRO REMASTER ,Indie,31,13,7966,257,187,1,0.2,0.68,0.86,0.36,0.55,0.11,0.25,0,0.02,0.05
182,Feral interactive (Linux) ,AA,31,0,1300000000,42300000,41800000,1,0,0.39,0,0.16,0.13,0.58,0.03,0,0.16,0.16
183,Hentai works ,Indie,30,2,24792,826,504,0,1,0,1,0,0,1,0,0,0,0
184,PID Games ,Indie,30,9,5800000,193000,18268,0,0.82,0.46,0.23,0.59,0.15,0.13,0.08,0,0,0
185,Frontwing USA ,Indie,30,0,5500000,182000,62482,0,0,0.03,1,0.97,0,0,0,0,0,0
186,Good Shepherd Entertainment ,AA,30,4,69400000,2300000,627000,0,0.65,0.62,0.06,0.41,0.21,0.35,0.24,0,0,0
187,Flyhigh Works ,Indie,30,4,1400000,47124,10591,0.03,0.53,0.44,0.32,0.38,0.12,0.18,0.32,0,0,0
188,Cute Pen Games ,Indie,30,5,14997,500,392,1,0.03,0.14,0.77,0,0.09,0,0,0,0,0
189,TigerQiuQiu ,Indie,30,8,130,4,0,1,0.87,0.76,0.79,0.11,0.16,0.26,0.11,0,0.05,0.05
190,Armor Games Studios ,Indie,30,5,9800000,326000,95518,0.03,0.71,0.31,0.23,0.57,0.14,0.2,0.29,0,0,0
191,"CFK Co., Ltd. ",Indie,30,1,2500000,82651,13354,0.39,0.68,0.58,0.39,0.45,0.35,0.06,0.1,0,0,0
192,DRUNKEN APES ,Indie,30,2,0,0,0,1,0.97,0.75,0.84,0.44,0.44,0,0,0,0.16,0.16
193,Minimol Games ,Indie,30,3,60552,2018,1220,0.94,0.3,0.06,0.91,0.03,0.12,0.61,0.03,0,0,0.09
194,Grey Alien Games ,Indie,29,2,705000,24325,5114,0.23,0.84,0,0.94,0,0.03,0.06,0.03,0,0,0
195,Freedom! Games ,Indie,29,34,9400000,325000,37877,0,0.81,0.49,0.3,0.52,0.27,0.27,0.38,0.02,0.02,0.02
196,КиКо ,Indie,29,0,369000,12708,1959,0.52,0.41,0.28,0.38,0.24,0.07,0,0,0,0,0
197,KPL ,Indie,29,1,2800000,97978,21033,0,0.63,0.43,0.37,0.53,0.13,0.27,0.2,0,0.03,0.03
198,INFINITE BRIDGE ,Indie,29,0,5312,183,139,0.86,0.97,0.34,0.83,0,0.48,0.03,0,0,0.17,0.07
200,Versus Evil ,Indie,28,2,32400000,1200000,228000,0,0.87,0.57,0.07,0.37,0.03,0.37,0.43,0.03,0,0
201,Bmc Studio ,Indie,28,0,0,0,0,1,0.71,0.86,0.57,0.89,0.39,0.46,0.54,0,0,0.04
202,iWin ,Indie,28,2,206000,7375,5470,0.47,0,0.13,0.7,0.07,0.17,0.03,0,0,0,0
203,ebi-hime ,Indie,28,3,463000,16534,8974,1,0.74,0,0.58,0.19,0.26,0,0,0,0,0
204,AFBIK Studio ,Indie,28,0,89218,3186,1352,0.75,1,0.14,1,0.82,0.04,0.04,0.04,0.07,0.04,0.04
205,Idea Factory International ,AA,28,0,41000000,1500000,760000,0.04,0,0.46,0,0.39,0.04,0.25,0.71,0,0,0
206,Indienova ,Indie,28,7,16400000,585000,57763,0,0.97,0.2,0.2,0.6,0.06,0.34,0.29,0,0,0
207,Cosmi/ValuSoft ,Indie,28,0,936000,33416,8667,0,0,0,0.25,0.04,0.71,0.04,0.04,0,0.18,0.04
208,Libredia ,Indie,27,0,588000,21777,6961,0,0.26,0.19,0.59,0.11,0.22,0.04,0,0,0.07,0.07
209,n/a ,Indie,27,19,664000,24606,1460,0.07,0.8,0.26,0.22,0.46,0.13,0.07,0.22,0.02,0.02,0
210,Wolverine Studios ,Indie,27,0,354000,13124,11880,1,1,0,0,0,1,0.81,0,0,0,1
211,Interplay Entertainment Corp. ,Indie,27,0,1300000,49659,11227,0.33,0,0.67,0.07,0.44,0.3,0.37,0.15,0,0.04,0.04
212,SNK CORPORATION ,Indie,27,0,40200000,1500000,165000,0.89,0,0.96,0.11,0,0,0.04,0.07,0,0,0.11
213,Marvelous ,Indie,27,3,39100000,1400000,670000,0,0.03,0.6,0.23,0.07,0.27,0.03,0.33,0,0.03,0
214,TopWare Interactive ,Indie,27,0,20700000,765000,258000,0.04,0.26,0.3,0.15,0.15,0.07,0.44,0.44,0,0,0
215,JanduSoft ,Indie,27,10,208000,7690,2273,0.27,0.86,0.65,0.3,0.59,0.16,0.08,0.16,0,0.08,0.14
216,Koch Media ,AA,27,0,648000,24000,24190,0,0,0.04,0,0,0.07,0,0,0,0,0
217,Nutaku Publishing ,Indie,27,2,63899,2367,1691,0,0.45,0.17,0.76,0.21,0.34,0.21,0.41,0,0,0
218,杰游科技 ,Indie,27,1,15400,570,211,1,1,1,0,1,0,0,0.36,0,0,0
220,HypeTrain Digital ,Indie,27,9,31900000,1200000,1700000,0.06,0.86,0.69,0.14,0.78,0.42,0.19,0.36,0,0.06,0.03
221,"CyberStep, Inc. ",Indie,27,2,21759,806,480,1,0.03,0.21,0.21,0.69,0.55,0,0.17,0.1,0,0
222,Mango Party ,Indie,26,19,5300000,204000,62131,0,0.64,0.24,0.56,0.18,0.36,0.24,0.53,0,0,0.04
223,Reddiamondgames ,Indie,26,3,5670,218,143,1,0.97,0,1,0,0.03,0,0,0,0,0
224,Whale Rock Games ,Indie,26,1,995000,38275,6733,1,1,0.74,0.44,0.93,0.37,0.22,0.22,0.26,0.11,0.11
225,FIVE-BN GAMES ,Indie,26,0,680000,26157,10550,1,0,0,0.88,1,0,0,0,0,0,0
226,IndieArk ,Indie,26,11,9500000,366000,130000,0,0.81,0.24,0.38,0.3,0.35,0.54,0.32,0,0,0
227,Quiet River ,Indie,26,0,2000000,75312,72084,1,0.96,0.04,0.88,0.04,0,0,0,0.04,0.04,0
228,Henteko Doujin ,Indie,26,2,1000000,39522,22025,0,0.86,0.93,0.36,0.04,0.04,0.04,0.04,0,0,0
229,Light of Creators ,Indie,26,3,518000,19937,6736,0,0.93,0.38,0.34,0.34,0.17,0.28,0.52,0.03,0,0.03
230,Neon Doctrine ,Indie,26,4,16700000,642000,144000,0,0.87,0.67,0.13,0.77,0.17,0.1,0.3,0,0,0
231,Dear Villagers ,Indie,26,4,17100000,658000,239000,0,0.73,0.6,0.03,0.6,0.1,0.2,0.33,0,0.03,0
232,Ammonite Design Studios Ltd ,Indie,26,1,8103,312,120,1,0.96,0.59,0.89,0.26,0.52,0.11,0.04,0,0.07,0.19
233,gigantumgames ,Indie,26,0,92246,3548,1048,0,0.96,0.23,0.65,0.38,0.5,0.08,0.04,0,0.12,0.46
234,Phoenixxx Games ,Indie,26,0,47058,1810,1132,1,0.69,0.35,0.42,0.19,0.08,0.19,0,0,0.04,0.04
235,CrewLab ,Indie,26,1,139000,5362,1996,1,1,0,1,0,0.04,0,0.04,0,0,0
236,My Label Game Studio ,Indie,26,0,5840,225,174,1,1,0,0.54,0,0,0,0,0,0,0
237,RMAsia ,Indie,26,5,220000,8443,3940,0,0.87,0.1,0.45,0.65,0.06,0.26,0.87,0,0,0
238,Twin Sails Interactive ,Indie,25,4,17900000,714000,222000,0.17,0.38,0.14,0.45,0.21,0.14,0.79,0.24,0,0,0
239,Annapurna Interactive ,Indie,25,10,142000000,5700000,534000,0,0.74,0.34,0.31,0.91,0.03,0,0.06,0,0,0
241,3D Realms (Apogee Software) ,Indie,25,0,454000,18157,16532,0.4,0,0.84,0.04,0.4,0.04,0,0,0,0.08,0
242,HotFoodGames ,Indie,25,1,15907,636,336,1,1,0.12,0.38,0.12,0,0,0,0,0,0
243,Vita Games ,Indie,25,0,0,0,0,0.08,0.96,0.68,0.48,0.28,0.08,0.08,0.08,0,0,0
244,CITY CONNECTION ,Indie,25,0,316000,12645,9319,1,0,0.96,0,0.04,0,0,0,0,0,0
245,Paradise Project ,Indie,25,0,6600000,264000,1800000,0,0.96,0.12,0.12,0.72,0.08,0.04,0.76,0,0,0
246,Boomzap Inc ,Indie,24,1,55177,2299,798,0.56,0.04,0.04,0.96,0.28,0,0.08,0,0.04,0,0
247,Alternative Software Ltd. ,Indie,24,0,792000,32982,22346,0.67,0.25,0.42,0.33,0.17,0.5,0.42,0,0,0,0.5
248,Rockstar Games ,AAA,24,0,1300000000,55300000,6800000,0.38,0,0.88,0,0.42,0,0.04,0,0,0.04,0
249,Far East Studio ,Indie,24,4,133000,5560,1920,0,0.14,0.04,0.32,0.89,0.36,0.04,0,0,0,0.04
250,SeedWall ,Indie,24,1,100000,4180,950,1,0.96,0.84,0.4,0.52,0,0,0.16,0,0,0
251,PaulArt ,Indie,24,0,47379,1974,581,1,0.96,0.33,0.08,0.17,0.71,0.29,0.46,0,0,0
252,Degica ,Indie,24,0,29600000,1200000,274000,0.17,0.08,0.08,0.04,0.21,0.08,0,0.08,0,0,0
253,Metal Fox ,Indie,24,0,21904,913,811,0.13,1,0.21,0.25,0.46,0.08,0.13,0.04,0.04,0,0
254,PlayMeow ,Indie,24,35,2100000,87435,66719,0,0.17,0.1,0.75,0.15,0.64,0.14,0.78,0,0,0
255,Slippy Floor ,Indie,24,1,53025,2209,1394,0.96,0.92,0.36,0.6,0.2,0.6,0.04,0.28,0,0,0.08
256,Randumb Studios ,Indie,24,3,1500000,64360,8826,1,0.59,0.04,0.59,0.63,1,0,0.81,0,0,0
257,Lovely Games ,Indie,24,3,882000,36751,20065,0.7,0.7,0.37,0.93,0.15,0.11,0.44,0.07,0,0,0
258,DLsite ,Indie,24,3,1100000,47499,8353,0,0.96,0.44,0.33,0.15,0.07,0,0.33,0,0.04,0
